BlueHist,GreenHist,RedHist
0.0,0.0,0.0
0.005616290351815587,0.0009317161000542089,0.0
0.00951863922464806,0.001542373318877617,0.0
0.0121424179635994,0.001796477709801492,0.0
0.01376484260881618,0.0019239332455664834,0.0
0.015006983711780615,0.0019715274013268284,0.0
0.015942587847275286,0.0020110547510260976,0.0
0.016929725733822846,0.002024768321329926,0.0
0.018037701381459933,0.002038481891633754,0.0
0.03128542945384886,0.0020513887813314747,0.0
0.04448606633993084,0.0020626823098169804,0.0
0.04591657218812307,0.0020763958801208087,0.0
0.04738972665787631,0.0020949495340612818,0.0
0.049180968763438755,0.0021256033970933684,0.0
0.07517441509192554,0.002240152043160639,0.0
0.07694966396440261,0.0024708626965073955,0.0
0.09106635770109714,0.0031500877668499444,0.0
0.10473079834665511,0.01464931980691293,0.0
0.1184147862770952,0.015376139033015823,0.0
0.12019625474021658,0.015761732362735228,0.0
0.12147127082230097,0.015935975373654456,0.0
0.12272318556770646,0.01601422339244689,0.0
0.1239644381577217,0.01606262422881334,0.0
0.13716063247905774,0.016091664730633212,0.0
0.15020755662493024,0.016136032163969128,0.0
0.15136528899772186,0.016163459304576782,0.0
0.1522449168174177,0.016196533209427193,0.0
0.1529832710781927,0.016223960350034847,0.0
0.15347906130383945,0.01624574072639975,0.0
0.15411345954955946,0.016278007950644054,0.0
0.15457104371839114,0.016297368285190635,0.0
0.15542757020140813,0.016320762022767752,0.0
0.16822037964381292,0.016361902733679237,0.0
0.16909467638581366,0.016379649707013604,0.0
0.1703874627268818,0.016401430083378507,0.0
0.1716820260938483,0.016411916931257906,0.0
0.1967985101414868,0.016431277265804487,0.0
0.19789671214668283,0.016444184155502205,0.0
0.19900024522957396,0.01645951108701825,0.0
0.19981678862987748,0.0164861315470198,0.0
0.200401430150443,0.016520818813082424,0.0
0.20124729447806972,0.01653533906399236,0.0
0.2140134485319989,0.01655147267611451,0.0
0.21445592798069438,0.016563572885206122,0.0
0.21502901883292047,0.016575673094297735,0.0
0.21541196791402037,0.016582933219752703,0.0
0.21588643382888661,0.016593420067632102,0.0
0.21642309565019602,0.016598260151268748,0.0
0.21694376423842002,0.016607940318542038,0.0
0.21764302392943075,0.016615200443997006,0.0
0.21863904694547018,0.016621653888845865,0.0
0.23160422790001742,0.016625687291876405,0.0
0.23286058521016886,0.016631334056119156,0.0
0.2341746958620175,0.016639400862180232,0.0
0.24746240701711986,0.01664585430702909,0.0
0.24912925730979604,0.01665311443248406,0.0
0.2512812356727287,0.016661987919151244,0.0
0.26529486190731744,0.016674088128242857,0.0
0.291665926239209,0.016684574976122253,0.0
0.3059656536434362,0.016696675185213866,0.0
0.3085050236522147,0.01672248896460931,0.0
0.32309262925197874,0.016775729884612407,0.0
0.3261926509316947,0.016887051808255248,0.0
0.35250862746073663,0.017228277704638736,0.0
0.3664840476385103,0.01797123054286378,0.0
0.3682184249153247,0.030006098505382172,0.0
0.36937260323631954,0.030400565321768762,0.0
0.3701944777143182,0.03064337618420713,0.0
0.3708093286751561,0.03093539456361806,0.0
0.37129001418066665,0.03178724928366762,0.0
0.37185599692929927,0.04369869511345156,0.0
0.37254370595197056,0.04489742249412736,0.0
0.37335402976162974,0.04651965719300963,0.0
0.38615750135942484,0.07008037765559255,0.0
0.38715174734956587,0.07179215390175275,0.0
0.38823040206987974,0.07320142492062263,0.0
0.3894512188620637,0.0854379630346679,0.0
0.4028953082962231,0.08654392214564134,1.041990117765723e-06
0.40435069250699257,0.08750790546993985,2.083980235531446e-06
0.4178898528267151,0.09928786236092826,9.377911059891508e-06
0.4194873991093546,0.10003484860218384,1.9797812237548738e-05
0.4347165110584322,0.10063824569555228,4.167960471062893e-05
0.43617189526920164,0.10119162859134206,8.54431896567893e-05
0.43776677601299363,0.1023306616071659,0.00017297035954911004
0.4517190948540884,0.1146115671545471,0.00028654728238557386
0.46530534636011783,0.11636367743101267,0.0004866093849965927
0.47897689510926933,0.12884786649113297,0.0010628299201210375
0.4800342255188027,0.14116265262397068,0.001302487647207154
0.48083744122486843,0.14213389607372415,0.016698933627313478
0.4813963158699075,0.14264694493920854,0.017359555361976947
0.48190276825094447,0.14298171739074317,0.01768048831824879
0.4822617274824163,0.14335763055318929,0.017849290717326837
0.482605581993752,0.14413285061565864,0.018030596997818074
0.482936997323799,0.15590312733937375,0.018219197209133668
0.4832319836229293,0.15670174113942023,0.01853283623458115
0.4835891658285028,0.1571922029479336,0.019409149923622124
0.48398188855204377,0.15768992488190195,0.019981202498275508
0.4845443172488796,0.1586038940086218,0.035471427588980746
0.48539373562830307,0.17060165466325924,0.037193837253647485
0.4862582587278627,0.17158741836392266,0.03914131678375162
0.49953353070167644,0.18340044915976147,0.07024263781882292
0.5009347156225454,0.18452899532770592,0.08678110496800048
0.5030618156229009,0.18512755233743772,0.08815653192345124
0.5165529962433673,0.1854227974392731,0.08945693559042286
0.5437939147525136,0.18559220036655566,0.09017695076179898
0.5602429549808259,0.1858180709362658,0.09070628174162396
0.56287473033632,0.18622302460053175,0.09200147545800676
0.5767888431205996,0.18714425385270658,0.10790537062546499
0.5906567532315216,0.1989895518727897,0.1095006574957643
0.5925652790463768,0.19985834688556753,0.12502005830976698
0.5939611328895508,0.2008852512971424,0.12604016663505963
0.6073963371942183,0.20264058829603243,0.12644133283039943
0.6088108498093251,0.22608514675133587,0.1266882844883099
0.610992149099581,0.2283164253078293,0.1268862626106854
0.6246885762113097,0.24130559642737293,0.12704881306905685
0.6385858072495548,0.25472311494875965,0.12715509606106895
0.6406364951362801,0.26807932574408216,0.12724887517166789
0.6556283741279245,0.28123225302666566,0.12735515816367998
0.6689809467283176,0.2828649745734273,0.1274364333928657
0.6704603207887152,0.2838265378559075,0.12763857947571225
0.6714901072968238,0.28477680760990215,0.12817624637647937
0.6720978501540682,0.2859763416711841,0.1289441930932727
0.6727500186587719,0.2981184981543148,0.1446084305336448
0.6732991196613699,0.3102179005653218,0.14531177386313668
0.6741032238803848,0.31137145383205556,0.14570668811776988
0.6747109667376292,0.3120708459175508,0.14613598804628936
0.6882314682854188,0.31240481168847933,0.14656528797480883
0.6888392111426632,0.31262503549394666,0.14742492982196556
0.6979766783121097,0.3204393505253104,0.1723910130436323
0.6984493672010776,0.3206531208859289,0.17322043717737381
0.6988829615202812,0.32110244198353083,0.1735372021731746
0.6992579139848384,0.3333196197630295,0.17384250527767994
0.7000575756391073,0.3352572665788998,0.1740175596174646
0.7005586969424492,0.3487110857275614,0.17415614430312742
0.7139468100608098,0.3517321045974341,0.17425825933466846
0.7148033365438268,0.37739987480316994,0.17435933237609175
0.7152502585572682,0.3905552221275717,0.17444477556574853
0.7157265014980329,0.3915490526342962,0.17451771487399215
0.7165066158674197,0.3926332313689047,0.1745823182612936
0.730158617331689,0.4051682413072098,0.17465734154977275
0.7309609445248055,0.4055635148042025,0.17472194493707421
0.731598008309373,0.40571920416118123,0.17481155608720206
0.7320200519602372,0.40597895531634787,0.1748928313163878
0.7324296564298128,0.40674530189215,0.17500640823922425
0.7328126055109128,0.419347266320762,0.17520959631218858
0.7331209195042808,0.42012087302201917,0.1753096273634941
0.7334283449846998,0.4202959227135445,0.17541695234562396
0.733807740014003,0.4204185381656728,0.17555762101152234
0.7342795403900216,0.4206274684426547,0.17612863159605793
0.7348783981177742,0.4207912246056945,0.19280255746054503
0.7356567354612626,0.4209291669893389,0.19366324129781953
0.7496232705095444,0.42111551020934973,0.19423633586259068
0.7505739793651752,0.4213212137639072,0.19470835738593856
0.751860546115599,0.4214333423681561,0.1949803168066754
0.7652131187159922,0.4215341774439196,0.19552110967779582
0.7663735166276313,0.4216551795348357,0.1964724466553159
0.7680172655836286,0.42194558455303444,0.21170738416716856
0.7819304898549592,0.4224796071142776,0.21247012093337306
0.7958765891054096,0.4352921151810837,0.21372259305492747
0.7974919056470329,0.4364263081132709,0.21486253024376317
0.7988513304592901,0.43745079248302743,0.21611291838508204
0.8121186058165611,0.44960424249464365,0.23186572498546423
0.8130675376462937,0.4502415201734686,0.24773627646915397
0.8138920776631399,0.45064244043470403,0.24875638479444662
0.814370986142752,0.45087557112986915,0.24985047441810063
0.8148703304201955,0.45119905005291827,0.25098103369587643
0.8157472927010438,0.4517056454735538,0.2519094468908057
0.8163976841798493,0.4526349415317897,0.26717147614572023
0.8292331422438151,0.46442538527065746,0.2681478208860667
0.8298444391528562,0.4650658896719069,0.26885533217602964
0.8306165569057004,0.46540630888768425,0.2696003551102321
0.8312029754521643,0.4657443080616433,0.2707694680223653
0.8317858399468314,0.4661202212240894,0.2860783868325793
0.8326094914507284,0.46679702625261366,0.2870078420176263
0.833123051935359,0.47927234182606676,0.28841348668649225
0.8464152056552072,0.49212921732620873,0.30341606040208313
0.8468514655132584,0.49348686078628773,0.3042829961800642
0.8474831982201309,0.49421610005420896,0.3054562770526684
0.8478403804257043,0.49482514391182014,0.3062659033741724
0.8482624240765685,0.49585124164278893,0.30741730245430354
0.8485227583706805,0.49773484085805003,0.3224594717943695
0.8487733190223514,0.5229290895480008,0.32340559882130077
0.8489847851042581,0.5488195036010223,0.32431838216446357
0.8492930990976263,0.5641238480600945,0.32579905012180865
0.8495045651795329,0.5792111954361238,0.3270494382631275
0.8497400211110677,0.5949971282170422,0.3424594301147648
0.8499950243274845,0.6338275058726348,0.35788296783793305
0.8503060038597002,0.6518632708639872,0.3588843203411059
0.850541459791235,0.692076299078448,0.35973458427720273
0.850744929256599,0.7436675572420558,0.36026078928667443
0.8509599493903024,0.7614153372570278,0.3606379897093056
0.8512753714872641,0.7770262203464209,0.3609537127149886
0.851511715931748,0.8028819471333798,0.36115377481759964
0.8518013711531832,0.8172884560778544,0.3613548789103284
0.8521016885300087,0.8199432419525543,0.36155494101293945
0.8524544281708362,0.8324161374841891,0.3618987977518021
0.8527307556980336,0.8335995379333488,0.36217492513301003
0.8530017521475358,0.8342489158212654,0.3624583464450423
0.8532292114625278,0.8347143705309894,0.3629730895632186
0.85356595787027,0.8352217726322311,0.36413490854452735
0.8537916401593637,0.8356743204522574,0.3793573421749668
0.854025319065,0.8361413885231936,0.38037119855955287
0.8542412277116527,0.8365947430238261,0.38124959622882937
0.8545868592488867,0.8370359973153669,0.3819810732915009
0.8548303117969641,0.8374070703941764,0.38281570737583126
0.8550328927493789,0.8378580048529906,0.3839744003867867
0.8553109973024747,0.8382871589354397,0.38556864526696827
0.8558858651805992,0.8389817109372983,0.41561026235227183
0.8561737433761359,0.8393592374609566,0.41742749311765526
0.8564491823903841,0.83974402411007,0.4184152997492972
0.8567326180211751,0.8400852500064534,0.4194729197188294
0.85704448606634,0.8403619414543483,0.42078791124744974
0.8573199250805881,0.8406571865561837,0.4358780121329329
0.8576104688149725,0.8410250329125687,0.4371930036615533
0.857882353777424,0.8413525452386484,0.4387372330160821
0.8581346914549932,0.8416631172719998,0.45383775380274294
0.8583914716973086,0.8420269302253542,0.4549099616339239
0.8586509174784713,0.8423487957871912,0.4560519828029951
0.8589254679797703,0.8426327473605411,0.457088762970172
0.8592728765429027,0.8429408993520742,0.45841209041973446
0.8596167310542384,0.8433103590696714,0.47335943865908375
0.8599152714051654,0.8436168976999923,0.47439621882626065
0.8602351360668731,0.8439895841400139,0.47530796017930566
0.8605834331429546,0.8444203515836753,0.4760925787379833
0.8609521660168675,0.8448261119285475,0.47666463131263664
0.8613057941706442,0.8451729845891737,0.4772241800058768
0.8616505371949291,0.8455561578770748,0.4777941486002947
0.8620494795091144,0.8458868969255788,0.47838078903659675
0.8624706346470293,0.8461990823201425,0.4790195289787872
0.862914002608674,0.8464790004904618,0.4796728567826263
0.8633475969278777,0.8468290998735125,0.4804085018057689
0.8637865223247764,0.8471453186711067,0.48117749051268
0.8641365964267563,0.8475147783887039,0.4819485631998266
0.864541758331586,0.847830190505692,0.48280507907663006
0.865039325583131,0.8481351157748006,0.4838241454118049
0.8655386698605746,0.8485158690208834,0.48488801732204373
0.8659971425423554,0.8489627700766669,0.4859268814694561
0.8664405105040001,0.8494758189421513,0.4871168341839446
0.8668883210303907,0.8500711492294587,0.4885954181610542
0.8674214287999034,0.850696326699192,0.49067835640646784
0.8679936311391803,0.8512311559410414,0.49325936592817354
0.8685471747065242,0.8517466248483441,0.5103771795828288
0.8692064513148214,0.8522443467823124,0.5283254593613435
0.8698923833115944,0.8527275484653708,0.5325246795359393
0.8708093286751561,0.8532414040114613,0.551424296291974
0.8718728786753338,0.8537197656108831,0.5850253516195653
0.8736774484751341,0.8542545948527324,0.6047460565883993
0.8763794163536139,0.8549378533261055,0.6246741175906688
0.8795780629706897,0.8559260370685872,0.6308437410779596
0.8857283496049672,0.8577725289759673,0.6395183088083592
0.8930932334407842,0.8615340806422468,0.6539373680580013
0.9079722712878817,0.8701462027930509,0.6872497921229715
0.9248948889181111,0.8896743269057023,0.7258284342431296
0.960998724095405,0.9290976148067839,0.806672279520101
1.0,1.0,1.0
1.0,1.0,1.0
